{
    "providers": [
      {
        "type": "bitmap",
        "file": "minecraft:font/platform.png",
        "height": 6,
        "ascent": 6,
        "chars": [
          "0"
        ]
      },
      {
        "type": "bitmap",
        "file": "minecraft:font/cylinder.png",
        "height": 6,
        "ascent": 6,
        "chars": [
          "1"
        ]
      },
      {
        "type": "bitmap",
        "file": "minecraft:font/dolmen.png",
        "height": 6,
        "ascent": 6,
        "chars": [
          "2"
        ]
      }
    ]
  }