{
  "criteria": {
    "requirement": {
      "trigger": "minecraft:player_hurt_entity",
      "conditions": {
        "entity": [
          {
            "condition": "minecraft:entity_properties",
            "entity": "this",
            "predicate": {
              "type": "minecraft:interaction",
              "nbt": "{Tags:[\"Lobby\"]}"
            }
          },
          {
            "condition": "minecraft:value_check",
            "value": {
              "type": "minecraft:score",
              "target": {
                "type": "minecraft:fixed",
                "name": "Starting_Game"
              },
              "score": "var"
            },
            "range": 1
          }
        ]
      }
    }
  },
  "rewards": {
    "function": "sys:game/setting/left_click"
  }
}
