{
    "criteria": {
      "requirement": {
        "trigger": "minecraft:player_interacted_with_entity",
        "conditions": {
          "entity": [
          {
            "condition": "minecraft:entity_properties",
            "entity": "this",
            "predicate": {
              "type": "minecraft:interaction",
              "nbt":"{Tags:[\"Lobby\"]}"
            }
          }
        ]
      }
    }
  },
  "rewards": {
    "function": "sys:game/setting/right_click"
  }
}
