{
	"credit": "Made with Blockbench",
	"parent": "minecraft:block/slab",
	"textures": {
		"0": "block/gold_block",
		"1": "block/gold_block_side",
		"2": "block/mangrove_log",
		"particle": "block/gold_block"
	},
	"elements": [
		{
			"from": [0, 0, 0],
			"to": [16, 8, 16],
			"rotation": {"angle": 0, "axis": "y", "origin": [0, 16, 0]},
			"faces": {
				"north": {"uv": [0, 8, 16, 0], "texture": "#1"},
				"east": {"uv": [0, 8, 16, 0], "texture": "#1"},
				"south": {"uv": [0, 8, 16, 0], "texture": "#1"},
				"west": {"uv": [0, 8, 16, 0], "texture": "#1"},
				"up": {"uv": [0, 16, 16, 0], "texture": "#2"},
				"down": {"uv": [0, 16, 16, 0], "texture": "#0"}
			}
		}
	]
}