{
    "providers": [
        {
            "type": "bitmap",
            "file": "minecraft:gui/rc/1.png",
            "ascent": 30,
            "height": 60,
            "chars": [
                "\uF80A"
            ]
        },
		{
            "type": "bitmap",
            "file": "minecraft:gui/rc/2.png",
            "ascent": 30,
            "height": 60,
            "chars": [
                "\uF80B"
            ]
        },
        {
            "type": "bitmap",
            "file": "minecraft:gui/rc/negative.png",
            "ascent": -32768,
            "height": -4,
            "chars": [
                "\uEff1"
            ]
        }
    ]
}