{
    "pools": [{
        "rolls": 1,
        "entries": [{
            "type": "minecraft:item",
            "name": "minecraft:crossbow",
            "functions": [{
                    "function": "minecraft:set_nbt",
                    "tag": "{CustomModelData:1}",
                    "conditions": [{
                        "condition": "minecraft:entity_scores",
                        "entity": "this",
                        "scores": {
                            "team": 2
                        }
                    }]
                },
                {
                    "function": "minecraft:set_nbt",
                    "tag": "{CustomModelData:3}",
                    "conditions": [{
                        "condition": "minecraft:entity_scores",
                        "entity": "this",
                        "scores": {
                            "team": 1
                        }
                    }]
                }
            ]
        }],
        "functions": [{
                "function": "minecraft:set_lore",
                "entity": "this",
                "lore": [
                    [{ "keybind": "key.sneak", "color": "gray", "bold": true, "italic": false }, { "text": " to zoom.", "color": "white", "italic": false, "bold": false }]
                ]
            }, {
                "function": "minecraft:set_name",
                "name": {
                    "text": "Escher's Gun",
                    "color": "green",
                    "bold": true,
                    "italic": false
                }
            },
            {
                "function": "minecraft:set_nbt",
                "tag": "{tool:\"gun\",HideFlags:63,ChargedProjectiles:[{id:\"minecraft:air\",Count:1b}],Charged:1b}"
            }
        ]
    }]
}