{
    "pools": [{
        "rolls": 1,
        "entries": [{
            "type": "minecraft:item",
            "name": "minecraft:leather_leggings",
            "functions": [{
                    "function": "minecraft:set_nbt",
                    "tag": "{display:{color:4605510}}",
                    "conditions": [{
                        "condition": "minecraft:entity_scores",
                        "entity": "this",
                        "scores": {
                            "team": 1
                        }
                    }]
                },
                {
                    "function": "minecraft:set_nbt",
                    "tag": "{display:{color:14586426}}",
                    "conditions": [{
                        "condition": "minecraft:entity_scores",
                        "entity": "this",
                        "scores": {
                            "team": 2
                        }
                    }]
                }
            ]
        }],
        "functions": [{
            "function": "minecraft:set_name",
            "name": {
                "text": "Escher's Gun",
                "color": "green",
                "bold": true,
                "italic": false
            }
        },
        {
            "function": "minecraft:set_nbt",
            "tag": "{HideFlags:127,Enchantments:[{id:\"minecraft:binding_curse\",lvl:1}],AttributeModifiers:[{AttributeName:\"generic.armor_toughness\",Name:\"generic.armor_toughness\",Amount:0,Operation:0,UUID:[I;1981307027,-1263188886,-2035591541,-753647440]}]}"
        }]
    }]
}