{
	"credit": "Made by the OneiricForge",
	"texture_size": [64, 64],
	"textures": {
		"0": "item/realms/gun",
		"particle": "item/realms/gun"
	},
	"elements": [
		{
			"from": [6.6, 10, 0.6],
			"to": [9, 12.4, 3],
			"rotation": {"angle": -45, "axis": "z", "origin": [8, 11, 1.8]},
			"faces": {
				"north": {"uv": [9.75, 1.5, 10.25, 2], "texture": "#0"},
				"east": {"uv": [9.75, 1.5, 10.25, 2], "texture": "#0"},
				"south": {"uv": [9.75, 1.5, 10.25, 2], "texture": "#0"},
				"west": {"uv": [9.75, 1.5, 10.25, 2], "rotation": 90, "texture": "#0"},
				"up": {"uv": [9.75, 1.5, 10.25, 2], "texture": "#0"},
				"down": {"uv": [9.75, 1.5, 10.25, 2], "texture": "#0"}
			}
		},
		{
			"from": [6.8, 10.2, -5.2],
			"to": [8.8, 12.2, 9.8],
			"rotation": {"angle": -45, "axis": "z", "origin": [8, 11, 1.8]},
			"faces": {
				"north": {"uv": [9.5, 0.5, 10, 1], "texture": "#0"},
				"east": {"uv": [4, 3, 7.75, 3.5], "rotation": 180, "texture": "#0"},
				"south": {"uv": [0.75, 9.5, 1.25, 10], "texture": "#0"},
				"west": {"uv": [4, 3, 7.75, 3.5], "texture": "#0"},
				"up": {"uv": [4, 3, 7.75, 3.5], "rotation": 90, "texture": "#0"},
				"down": {"uv": [4, 3, 7.75, 3.5], "rotation": 270, "texture": "#0"}
			}
		},
		{
			"from": [6.6, 10, 5.6],
			"to": [9, 12.4, 8],
			"rotation": {"angle": -45, "axis": "z", "origin": [8, 11, 1.8]},
			"faces": {
				"north": {"uv": [9.75, 1.5, 10.25, 2], "texture": "#0"},
				"east": {"uv": [9.75, 1.5, 10.25, 2], "texture": "#0"},
				"south": {"uv": [9.75, 1.5, 10.25, 2], "texture": "#0"},
				"west": {"uv": [9.75, 1.5, 10.25, 2], "rotation": 90, "texture": "#0"},
				"up": {"uv": [9.75, 1.5, 10.25, 2], "texture": "#0"},
				"down": {"uv": [9.75, 1.5, 10.25, 2], "texture": "#0"}
			}
		},
		{
			"from": [7.8, 9, 6.3],
			"to": [8.2, 10, 7.3],
			"rotation": {"angle": 0, "axis": "z", "origin": [8, 11, 1.8]},
			"faces": {
				"north": {"uv": [10, 1.5, 10.25, 1.75], "texture": "#0"},
				"east": {"uv": [10, 1.5, 10.25, 1.75], "texture": "#0"},
				"south": {"uv": [10, 1.5, 10.25, 1.75], "texture": "#0"},
				"west": {"uv": [10, 1.5, 10.25, 1.75], "texture": "#0"}
			}
		},
		{
			"from": [7.8, 9, 1.3],
			"to": [8.2, 10, 2.3],
			"rotation": {"angle": 0, "axis": "z", "origin": [8, 11, 1.8]},
			"faces": {
				"north": {"uv": [10, 1.5, 10.25, 1.75], "texture": "#0"},
				"east": {"uv": [10, 1.5, 10.25, 1.75], "texture": "#0"},
				"south": {"uv": [10, 1.5, 10.25, 1.75], "texture": "#0"},
				"west": {"uv": [10, 1.5, 10.25, 1.75], "texture": "#0"}
			}
		},
		{
			"from": [6.5, 7, 6.8],
			"to": [9.5, 9.5, 9.8],
			"rotation": {"angle": 0, "axis": "y", "origin": [1, 0, 0]},
			"faces": {
				"north": {"uv": [7.75, 5.75, 8.5, 6.5], "texture": "#0"},
				"east": {"uv": [8.75, 8.25, 8, 8.75], "texture": "#0"},
				"south": {"uv": [8, 7.25, 8.75, 7.75], "texture": "#0"},
				"west": {"uv": [8, 8.25, 8.75, 8.75], "texture": "#0"},
				"up": {"uv": [2.5, 9, 1.75, 8.25], "texture": "#0"},
				"down": {"uv": [2.5, 9, 1.75, 8.25], "rotation": 180, "texture": "#0"}
			}
		},
		{
			"from": [7, 7, -13.8],
			"to": [9, 9, 4.2],
			"rotation": {"angle": 0, "axis": "y", "origin": [1, 0, 0]},
			"faces": {
				"north": {"uv": [9.25, 6.5, 9.75, 7], "texture": "#0"},
				"east": {"uv": [4.5, 2, 0, 2.5], "texture": "#0"},
				"west": {"uv": [0, 2, 4.5, 2.5], "texture": "#0"},
				"up": {"uv": [0, 2, 4.5, 2.5], "rotation": 90, "texture": "#0"},
				"down": {"uv": [0, 2, 4.5, 2.5], "rotation": 270, "texture": "#0"}
			}
		},
		{
			"from": [7.3, 6.6, -13.5],
			"to": [8.7, 7.5, -6.5],
			"rotation": {"angle": 0, "axis": "y", "origin": [1, 0, 0]},
			"faces": {
				"north": {"uv": [5.75, 3.5, 6, 3.75], "texture": "#0"},
				"east": {"uv": [7.5, 3.5, 5.75, 3.75], "texture": "#0"},
				"west": {"uv": [5.75, 3.5, 7.5, 3.75], "texture": "#0"},
				"down": {"uv": [7.5, 3.5, 5.75, 3.75], "rotation": 90, "texture": "#0"}
			}
		},
		{
			"from": [6.7, 6.9, -14.2],
			"to": [7.3, 9.3, -12.2],
			"rotation": {"angle": 0, "axis": "y", "origin": [1, 0, 0]},
			"faces": {
				"north": {"uv": [10.75, 1.75, 10.5, 1.5], "texture": "#0"},
				"east": {"uv": [10.75, 1.75, 10.5, 1.5], "texture": "#0"},
				"south": {"uv": [10, 4.75, 10.25, 5.25], "texture": "#0"},
				"west": {"uv": [8.75, 9.25, 9.25, 9.75], "texture": "#0"}
			}
		},
		{
			"from": [6.7, 8.7, -14.2],
			"to": [9.3, 9.3, -12.2],
			"rotation": {"angle": 0, "axis": "y", "origin": [1, 0, 0]},
			"faces": {
				"north": {"uv": [10.75, 1.75, 10.5, 1.5], "texture": "#0"},
				"south": {"uv": [4.25, 10.75, 4.5, 11], "texture": "#0"},
				"up": {"uv": [10.75, 1.75, 10.5, 1.25], "texture": "#0"},
				"down": {"uv": [10.75, 1.75, 10.5, 1.5], "texture": "#0"}
			}
		},
		{
			"from": [6.7, 6.9, -14.2],
			"to": [9.3, 7.5, -12.2],
			"rotation": {"angle": 0, "axis": "y", "origin": [1, 0, 0]},
			"faces": {
				"north": {"uv": [10.75, 1.75, 10.5, 1.5], "texture": "#0"},
				"up": {"uv": [10.75, 1.75, 10.5, 1.5], "texture": "#0"},
				"down": {"uv": [2.75, 10.5, 2.5, 11], "texture": "#0"}
			}
		},
		{
			"from": [8.7, 6.9, -14.2],
			"to": [9.3, 9.3, -12.2],
			"rotation": {"angle": 0, "axis": "y", "origin": [1, 0, 0]},
			"faces": {
				"north": {"uv": [10.75, 1.75, 10.5, 1.5], "texture": "#0"},
				"east": {"uv": [0.75, 10, 1.25, 10.5], "texture": "#0"},
				"south": {"uv": [10.5, 0, 10.75, 0.5], "texture": "#0"},
				"west": {"uv": [10.75, 1.75, 10.5, 1.5], "texture": "#0"}
			}
		},
		{
			"from": [6.7, 7, -2.2],
			"to": [9.3, 9.3, 2.8],
			"rotation": {"angle": 0, "axis": "y", "origin": [1, 0, 0]},
			"faces": {
				"north": {"uv": [4.5, 2, 5.25, 2.5], "texture": "#0"},
				"east": {"uv": [7, 6.75, 8.25, 7.25], "rotation": 180, "texture": "#0"},
				"south": {"uv": [5.25, 2, 4.5, 2.5], "texture": "#0"},
				"west": {"uv": [7, 6.75, 8.25, 7.25], "texture": "#0"},
				"up": {"uv": [7, 2.25, 6.25, 1], "texture": "#0"},
				"down": {"uv": [7, 2.25, 6.25, 1], "rotation": 180, "texture": "#0"}
			}
		},
		{
			"from": [6.7, 7, 4.8],
			"to": [9.3, 9.3, 6.8],
			"rotation": {"angle": 0, "axis": "y", "origin": [1, 0, 0]},
			"faces": {
				"east": {"uv": [9.25, 9.25, 9.75, 9.75], "rotation": 180, "texture": "#0"},
				"west": {"uv": [9.25, 9.25, 9.75, 9.75], "texture": "#0"},
				"up": {"uv": [9.25, 9.25, 9.75, 9.75], "rotation": 90, "texture": "#0"},
				"down": {"uv": [9.25, 9.25, 9.75, 9.75], "rotation": 270, "texture": "#0"}
			}
		},
		{
			"from": [6.5, 7, 3.8],
			"to": [9.5, 9.5, 4.8],
			"rotation": {"angle": 0, "axis": "y", "origin": [1, 0, 0]},
			"faces": {
				"north": {"uv": [2.5, 8, 3.25, 8.5], "texture": "#0"},
				"east": {"uv": [7.75, 9.5, 8, 10], "texture": "#0"},
				"south": {"uv": [2.5, 8, 3.25, 8.5], "texture": "#0"},
				"west": {"uv": [7.75, 9.5, 8, 10], "texture": "#0"},
				"up": {"uv": [7.75, 9.25, 8, 10], "rotation": 90, "texture": "#0"},
				"down": {"uv": [7.75, 9.25, 8, 10], "rotation": 90, "texture": "#0"}
			}
		},
		{
			"from": [8.3, 4.1, -12.2],
			"to": [8.5, 5.1, -11.7],
			"rotation": {"angle": 0, "axis": "z", "origin": [8, 4.6, -10.575]},
			"faces": {
				"north": {"uv": [10.5, 3.5, 10.75, 3.75], "rotation": 270, "texture": "#0"},
				"east": {"uv": [10.5, 3.5, 10.75, 3.75], "rotation": 90, "texture": "#0"},
				"south": {"uv": [10.5, 3.5, 10.75, 3.75], "rotation": 90, "texture": "#0"},
				"west": {"uv": [10.5, 3.5, 10.75, 3.75], "rotation": 90, "texture": "#0"}
			}
		},
		{
			"from": [7.5, 4.9, -12.2],
			"to": [8.5, 5.1, -11.7],
			"rotation": {"angle": 0, "axis": "z", "origin": [8, 4.6, -10.575]},
			"faces": {
				"north": {"uv": [10.5, 3.5, 10.75, 3.75], "rotation": 270, "texture": "#0"},
				"south": {"uv": [10.5, 3.5, 10.75, 3.75], "rotation": 90, "texture": "#0"},
				"up": {"uv": [10.5, 3.5, 10.75, 3.75], "rotation": 90, "texture": "#0"},
				"down": {"uv": [10.5, 3.5, 10.75, 3.75], "rotation": 90, "texture": "#0"}
			}
		},
		{
			"from": [7.5, 4.1, -12.2],
			"to": [8.5, 4.3, -11.7],
			"rotation": {"angle": 0, "axis": "z", "origin": [8, 4.6, -10.575]},
			"faces": {
				"north": {"uv": [10.5, 3.5, 10.75, 3.75], "rotation": 270, "texture": "#0"},
				"south": {"uv": [10.5, 3.5, 10.75, 3.75], "rotation": 90, "texture": "#0"},
				"up": {"uv": [10.5, 3.5, 10.75, 3.75], "rotation": 90, "texture": "#0"},
				"down": {"uv": [10.5, 3.5, 10.75, 3.75], "rotation": 90, "texture": "#0"}
			}
		},
		{
			"from": [7.5, 4.1, -12.2],
			"to": [7.7, 5.1, -11.7],
			"rotation": {"angle": 0, "axis": "z", "origin": [8, 4.6, -10.575]},
			"faces": {
				"north": {"uv": [10.5, 3.5, 10.75, 3.75], "rotation": 270, "texture": "#0"},
				"east": {"uv": [10.5, 3.5, 10.75, 3.75], "rotation": 90, "texture": "#0"},
				"south": {"uv": [10.5, 3.5, 10.75, 3.75], "rotation": 90, "texture": "#0"},
				"west": {"uv": [10.5, 3.5, 10.75, 3.75], "rotation": 90, "texture": "#0"}
			}
		},
		{
			"from": [5.9, 5.6, -1.3],
			"to": [6.9, 6.6, 4.7],
			"rotation": {"angle": 0, "axis": "y", "origin": [15, 0.6, 0.9]},
			"faces": {
				"east": {"uv": [8.75, 5.5, 10.25, 5.75], "rotation": 180, "texture": "#0"},
				"west": {"uv": [8.75, 5.5, 10.25, 5.75], "texture": "#0"},
				"up": {"uv": [8.75, 5.5, 10.25, 5.75], "rotation": 90, "texture": "#0"},
				"down": {"uv": [8.75, 5.5, 10.25, 5.75], "rotation": 270, "texture": "#0"}
			}
		},
		{
			"from": [5.8, 5.5, -6.3],
			"to": [7, 6.7, -1.3],
			"rotation": {"angle": 0, "axis": "y", "origin": [15, 0.6, 0.9]},
			"faces": {
				"north": {"uv": [9.25, 3, 9.5, 3.25], "texture": "#0"},
				"east": {"uv": [9.25, 3, 10.5, 3.25], "rotation": 180, "texture": "#0"},
				"south": {"uv": [10.25, 3, 10.5, 3.25], "texture": "#0"},
				"west": {"uv": [9.25, 3, 10.5, 3.25], "texture": "#0"},
				"up": {"uv": [9.25, 3, 10.5, 3.25], "rotation": 90, "texture": "#0"},
				"down": {"uv": [9.25, 3, 10.5, 3.25], "rotation": 270, "texture": "#0"}
			}
		},
		{
			"from": [6.3, 4.2, -5.7],
			"to": [6.9, 4.8, 6],
			"rotation": {"angle": 0, "axis": "y", "origin": [15, 0.6, 0.9]},
			"faces": {
				"north": {"uv": [5.75, 5, 6, 5.25], "rotation": 90, "texture": "#0"},
				"east": {"uv": [5.75, 5, 8.75, 5.25], "rotation": 180, "texture": "#0"},
				"west": {"uv": [5.75, 5, 8.75, 5.25], "texture": "#0"},
				"up": {"uv": [5.75, 5, 8.75, 5.25], "rotation": 90, "texture": "#0"},
				"down": {"uv": [5.75, 5, 8.75, 5.25], "rotation": 270, "texture": "#0"}
			}
		},
		{
			"from": [6.2, 4.1, 5.7],
			"to": [7, 4.9, 7.7],
			"rotation": {"angle": 0, "axis": "y", "origin": [15, 0.6, 0.9]},
			"faces": {
				"north": {"uv": [6.75, 3, 7, 3.25], "texture": "#0"},
				"east": {"uv": [6.75, 3, 7, 3.25], "texture": "#0"},
				"south": {"uv": [6.75, 3, 7, 3.25], "texture": "#0"},
				"west": {"uv": [6.75, 3, 7, 3.25], "texture": "#0"},
				"up": {"uv": [6.75, 3, 7, 3.25], "texture": "#0"},
				"down": {"uv": [6.75, 3, 7, 3.25], "texture": "#0"}
			}
		},
		{
			"from": [6.4, 4.5, -2.5],
			"to": [6.8, 5.5, -2.1],
			"rotation": {"angle": -22.5, "axis": "x", "origin": [6.6, 3.9, -2.8]},
			"faces": {
				"north": {"uv": [5.75, 0.25, 6, 0.5], "texture": "#0"},
				"east": {"uv": [5.75, 0.25, 6, 0.5], "texture": "#0"},
				"south": {"uv": [5.75, 0.25, 6, 0.5], "texture": "#0"},
				"west": {"uv": [5.75, 0.25, 6, 0.5], "texture": "#0"},
				"up": {"uv": [5.75, 0.25, 6, 0.5], "texture": "#0"}
			}
		},
		{
			"from": [6.4, 5, -3.7],
			"to": [6.8, 6, -3.3],
			"rotation": {"angle": -22.5, "axis": "x", "origin": [6.6, 3.9, -2.8]},
			"faces": {
				"north": {"uv": [5.75, 0.25, 6, 0.5], "texture": "#0"},
				"east": {"uv": [5.75, 0.25, 6, 0.5], "texture": "#0"},
				"south": {"uv": [5.75, 0.25, 6, 0.5], "texture": "#0"},
				"west": {"uv": [5.75, 0.25, 6, 0.5], "texture": "#0"},
				"up": {"uv": [5.75, 0.25, 6, 0.5], "texture": "#0"}
			}
		},
		{
			"from": [6.4, 5.5, -4.9],
			"to": [6.8, 6.5, -4.5],
			"rotation": {"angle": -22.5, "axis": "x", "origin": [6.6, 3.9, -2.8]},
			"faces": {
				"north": {"uv": [5.75, 0.25, 6, 0.5], "texture": "#0"},
				"east": {"uv": [5.75, 0.25, 6, 0.5], "texture": "#0"},
				"south": {"uv": [5.75, 0.25, 6, 0.5], "texture": "#0"},
				"west": {"uv": [5.75, 0.25, 6, 0.5], "texture": "#0"},
				"up": {"uv": [5.75, 0.25, 6, 0.5], "texture": "#0"}
			}
		},
		{
			"from": [5.4, 5.3, 5.4],
			"to": [5.7, 6.9, 7],
			"rotation": {"angle": 0, "axis": "y", "origin": [15, 0.6, 0.9]},
			"faces": {
				"north": {"uv": [10.25, 3.5, 10.5, 4], "texture": "#0"},
				"south": {"uv": [10.25, 3.5, 10.5, 4], "texture": "#0"},
				"west": {"uv": [3.25, 9.5, 3.75, 10], "texture": "#0"},
				"up": {"uv": [10.25, 3.5, 10.5, 4], "texture": "#0"},
				"down": {"uv": [10.25, 3.5, 10.5, 4], "texture": "#0"}
			}
		},
		{
			"from": [5.7, 5.1, 4.7],
			"to": [6.7, 7.1, 7.7],
			"rotation": {"angle": 0, "axis": "y", "origin": [15, 0.6, 0.9]},
			"faces": {
				"north": {"uv": [0, 9.5, 0.5, 10], "texture": "#0"},
				"south": {"uv": [9.5, 0, 9.75, 0.5], "texture": "#0"},
				"west": {"uv": [8.75, 7.25, 9.5, 7.75], "texture": "#0"},
				"up": {"uv": [7, 9.5, 6.75, 8.75], "texture": "#0"},
				"down": {"uv": [9.25, 7.75, 9, 8.5], "texture": "#0"}
			}
		},
		{
			"from": [7.4, 4, -11.2],
			"to": [8.6, 7, -9.2],
			"rotation": {"angle": 0, "axis": "y", "origin": [1, 0, 0]},
			"faces": {
				"north": {"uv": [7.5, 8.5, 7.75, 9.25], "texture": "#0"},
				"east": {"uv": [8, 8.5, 7.5, 9.25], "texture": "#0"},
				"south": {"uv": [7.75, 8.5, 8, 9.25], "texture": "#0"},
				"west": {"uv": [7.5, 8.5, 8, 9.25], "texture": "#0"},
				"down": {"uv": [7.5, 9, 8, 9.25], "texture": "#0"}
			}
		},
		{
			"from": [7.5, 5.6, -12.7],
			"to": [8.5, 6.6, -6.7],
			"rotation": {"angle": 0, "axis": "y", "origin": [1, 0, 0]},
			"faces": {
				"north": {"uv": [8.25, 7, 8.5, 7.25], "texture": "#0"},
				"east": {"uv": [9.75, 7, 8.25, 7.25], "texture": "#0"},
				"west": {"uv": [8.25, 7, 9.75, 7.25], "texture": "#0"},
				"down": {"uv": [8.25, 7, 9.75, 7.25], "rotation": 270, "texture": "#0"}
			}
		},
		{
			"from": [7.6, 4.2, -12],
			"to": [8.4, 5, -6.6],
			"rotation": {"angle": 0, "axis": "z", "origin": [8, 4.6, -10.575]},
			"faces": {
				"north": {"uv": [9.25, 6.5, 9.75, 7], "rotation": 270, "texture": "#0"},
				"east": {"uv": [9.25, 2.25, 10.5, 2.5], "rotation": 180, "texture": "#0"},
				"south": {"uv": [10.5, 3.25, 10.75, 3.5], "rotation": 90, "texture": "#0"},
				"west": {"uv": [9.25, 2.25, 10.5, 2.5], "texture": "#0"},
				"up": {"uv": [9.25, 2.25, 10.5, 2.5], "rotation": 90, "texture": "#0"},
				"down": {"uv": [9.25, 2.25, 10.5, 2.5], "rotation": 270, "texture": "#0"}
			}
		},
		{
			"from": [7.1, 4, -7.2],
			"to": [8.9, 7, 9.8],
			"rotation": {"angle": 0, "axis": "y", "origin": [1, 0, 0]},
			"faces": {
				"north": {"uv": [0, 8.75, 0.5, 9.5], "texture": "#0"},
				"east": {"uv": [4.25, 0.75, 0, 1.5], "texture": "#0"},
				"south": {"uv": [3.25, 8.75, 3.75, 9.5], "texture": "#0"},
				"west": {"uv": [0, 0.75, 4.25, 1.5], "texture": "#0"},
				"down": {"uv": [0, 1.5, 4.25, 1.25], "rotation": 270, "texture": "#0"}
			}
		},
		{
			"from": [6.9, 8.8, 9.8],
			"to": [9.1, 9.5, 14.8],
			"rotation": {"angle": 0, "axis": "y", "origin": [1, 0, 0]},
			"faces": {
				"east": {"uv": [9.25, 3.25, 10.5, 3.5], "texture": "#0"},
				"west": {"uv": [9.25, 5.25, 10.5, 5.5], "texture": "#0"},
				"up": {"uv": [4.5, 8.5, 4, 7.25], "texture": "#0"},
				"down": {"uv": [7.5, 7.25, 7, 8.5], "texture": "#0"}
			}
		},
		{
			"from": [6.9, 3, 9.8],
			"to": [9.1, 4.7, 14.8],
			"rotation": {"angle": 0, "axis": "y", "origin": [1, 0, 0]},
			"faces": {
				"north": {"uv": [9.5, 3.75, 10, 4.25], "texture": "#0"},
				"east": {"uv": [7.25, 0, 8.5, 0.5], "texture": "#0"},
				"west": {"uv": [8.5, 0, 7.25, 0.5], "texture": "#0"},
				"up": {"uv": [7, 8.75, 6.5, 7.5], "texture": "#0"},
				"down": {"uv": [8, 7.25, 7.5, 8.5], "texture": "#0"}
			}
		},
		{
			"from": [7.1, 3, 15.8],
			"to": [8.9, 4.7, 16.8],
			"rotation": {"angle": 0, "axis": "y", "origin": [1, 0, 0]},
			"faces": {
				"east": {"uv": [0.5, 10, 0.75, 10.25], "texture": "#0"},
				"west": {"uv": [0.5, 10, 0.75, 10.25], "texture": "#0"},
				"down": {"uv": [0.5, 10, 0.75, 10.25], "texture": "#0"}
			}
		},
		{
			"from": [7.5, 1.1, 13.5],
			"to": [8.5, 2.1, 18.5],
			"rotation": {"angle": 0, "axis": "y", "origin": [1, 0.4, -0.3]},
			"faces": {
				"east": {"uv": [9.25, 6, 10.5, 6.25], "texture": "#0"},
				"west": {"uv": [9.25, 6, 10.5, 6.25], "texture": "#0"},
				"up": {"uv": [9.25, 6, 10.5, 6.25], "texture": "#0"},
				"down": {"uv": [9.25, 6, 10.5, 6.25], "texture": "#0"}
			}
		},
		{
			"from": [7.5, 0.72132, 11.58579],
			"to": [8.5, 3.72132, 12.58579],
			"rotation": {"angle": -45, "axis": "x", "origin": [8, 3.22132, 12.08579]},
			"faces": {
				"north": {"uv": [6.5, 10, 6.75, 10.75], "texture": "#0"},
				"east": {"uv": [6.5, 10, 6.75, 10.75], "texture": "#0"},
				"south": {"uv": [6.5, 10, 6.75, 10.75], "texture": "#0"},
				"west": {"uv": [6.5, 10, 6.75, 10.75], "texture": "#0"}
			}
		},
		{
			"from": [6.9, 3, 14.8],
			"to": [9.1, 9.5, 15.8],
			"rotation": {"angle": 0, "axis": "y", "origin": [1, 0, 0]},
			"faces": {
				"north": {"uv": [0.5, 8.75, 0.75, 10.25], "texture": "#0"},
				"east": {"uv": [0.5, 8.75, 0.75, 10.25], "texture": "#0"},
				"south": {"uv": [0.5, 8.75, 0.75, 10.25], "texture": "#0"},
				"west": {"uv": [0.5, 8.75, 0.75, 10.25], "texture": "#0"},
				"up": {"uv": [10.75, 4.25, 10.25, 4], "texture": "#0"},
				"down": {"uv": [4.75, 10.25, 4.25, 10.5], "texture": "#0"}
			}
		},
		{
			"from": [8.9, 4.5, 5.7],
			"to": [9.3, 6.5, 7.7],
			"rotation": {"angle": 0, "axis": "y", "origin": [15, 0.6, 0.9]},
			"faces": {
				"north": {"uv": [9.75, 10.25, 10, 10.75], "texture": "#0"},
				"east": {"uv": [9.25, 9.75, 9.75, 10.25], "texture": "#0"},
				"south": {"uv": [10.25, 9.75, 10.5, 10.25], "texture": "#0"},
				"up": {"uv": [10.25, 10.75, 10, 10.25], "texture": "#0"},
				"down": {"uv": [10.5, 10.25, 10.25, 10.75], "texture": "#0"}
			}
		},
		{
			"from": [7.2, 3.8, 1.7],
			"to": [9.1, 7, 3.7],
			"rotation": {"angle": 0, "axis": "y", "origin": [15, 0.6, 0.9]},
			"faces": {
				"north": {"uv": [8.75, 8.5, 9.25, 9.25], "texture": "#0"},
				"east": {"uv": [9, 0, 9.5, 0.75], "texture": "#0"},
				"south": {"uv": [9, 0.75, 9.5, 1.5], "texture": "#0"},
				"west": {"uv": [9.5, 0, 9, 0.75], "texture": "#0"},
				"up": {"uv": [10.25, 10.25, 9.75, 9.75], "texture": "#0"},
				"down": {"uv": [0.5, 10, 0, 10.5], "texture": "#0"}
			}
		},
		{
			"from": [7.2, 3.8, -5.3],
			"to": [9.1, 7, -3.3],
			"rotation": {"angle": 0, "axis": "y", "origin": [15, 0.6, 0.9]},
			"faces": {
				"north": {"uv": [4.25, 9, 4.75, 9.75], "texture": "#0"},
				"east": {"uv": [4.75, 9, 5.25, 9.75], "texture": "#0"},
				"south": {"uv": [5.25, 9, 5.75, 9.75], "texture": "#0"},
				"west": {"uv": [5.25, 9, 4.75, 9.75], "texture": "#0"},
				"up": {"uv": [10.5, 0.5, 10, 0], "texture": "#0"},
				"down": {"uv": [10.5, 0.5, 10, 1], "texture": "#0"}
			}
		},
		{
			"from": [7.2, 3.8, -2.3],
			"to": [9.1, 7, 0.7],
			"rotation": {"angle": 0, "axis": "y", "origin": [15, 0.6, 0.9]},
			"faces": {
				"north": {"uv": [2.25, 9, 2.75, 9.75], "texture": "#0"},
				"east": {"uv": [4.5, 8.25, 5.25, 9], "texture": "#0"},
				"south": {"uv": [2.75, 9, 3.25, 9.75], "texture": "#0"},
				"west": {"uv": [5.25, 8.25, 4.5, 9], "texture": "#0"},
				"up": {"uv": [4.25, 9.75, 3.75, 9], "texture": "#0"},
				"down": {"uv": [9.5, 3.75, 9, 4.5], "texture": "#0"}
			}
		},
		{
			"from": [6, 5, 9.8],
			"to": [9.5, 8.5, 14.8],
			"rotation": {"angle": 45, "axis": "z", "origin": [8, 7, 12.3]},
			"faces": {
				"north": {"uv": [5.25, 1, 6.25, 0], "rotation": 180, "texture": "#0"},
				"east": {"uv": [6.25, 0, 5.25, 1.25], "rotation": 270, "texture": "#0"},
				"south": {"uv": [5.25, 1, 6.25, 0], "texture": "#0"},
				"west": {"uv": [6.25, 0, 5.25, 1.25], "rotation": 90, "texture": "#0"},
				"up": {"uv": [5.25, 1.25, 6.25, 0], "texture": "#0"},
				"down": {"uv": [5.25, 1.25, 6.25, 0], "rotation": 180, "texture": "#0"}
			}
		},
		{
			"from": [6.3, 4.8, 10.8],
			"to": [10.2, 8.7, 12.8],
			"rotation": {"angle": -45, "axis": "z", "origin": [8, 7, 12.3]},
			"faces": {
				"north": {"uv": [9, 2.5, 8.25, 2.25], "texture": "#0"},
				"east": {"uv": [9, 2.5, 8.25, 2], "rotation": 90, "texture": "#0"},
				"south": {"uv": [9, 2.25, 8.25, 2], "texture": "#0"},
				"west": {"uv": [9, 2.5, 8.25, 2], "rotation": 90, "texture": "#0"},
				"up": {"uv": [9, 2.5, 8.25, 2], "texture": "#0"},
				"down": {"uv": [9, 2.5, 8.25, 2], "texture": "#0"}
			}
		},
		{
			"from": [7.3, 2.97487, 7.73934],
			"to": [8.7, 4.97487, 8.73934],
			"rotation": {"angle": -45, "axis": "x", "origin": [8.3, 5.47487, 8.73934]},
			"faces": {
				"north": {"uv": [10.25, 7.75, 10.5, 8.25], "texture": "#0"},
				"east": {"uv": [8, 10.25, 8.25, 10.75], "texture": "#0"},
				"west": {"uv": [10.25, 8.25, 10.5, 8.75], "texture": "#0"}
			}
		},
		{
			"from": [7, 5.7, 12.8],
			"to": [9, 6.7, 19.8],
			"rotation": {"angle": 45, "axis": "x", "origin": [1.5, 4.5, 17.5]},
			"faces": {
				"east": {"uv": [5.75, 5.25, 7.5, 5.5], "texture": "#0"},
				"west": {"uv": [7.5, 5.25, 9.25, 5.5], "texture": "#0"},
				"up": {"uv": [7, 7.5, 6.5, 5.75], "texture": "#0"}
			}
		},
		{
			"from": [7, 2.7, 15.8],
			"to": [9, 3.7, 19.8],
			"rotation": {"angle": 45, "axis": "x", "origin": [1.5, 4.5, 17.5]},
			"faces": {
				"east": {"uv": [9.75, 2, 10.75, 2.25], "texture": "#0"},
				"west": {"uv": [9.75, 7, 10.75, 7.25], "texture": "#0"},
				"down": {"uv": [9, 1, 8.5, 2], "texture": "#0"}
			}
		},
		{
			"from": [7, 3.7, 13.8],
			"to": [9, 5.7, 19.8],
			"rotation": {"angle": 45, "axis": "x", "origin": [1.5, 4.5, 17.5]},
			"faces": {
				"north": {"uv": [8.75, 9.75, 9.25, 10.25], "texture": "#0"},
				"east": {"uv": [7, 1, 8.5, 1.5], "texture": "#0"},
				"west": {"uv": [7, 1.5, 8.5, 2], "texture": "#0"},
				"down": {"uv": [6.5, 6.75, 6, 8.25], "texture": "#0"}
			}
		},
		{
			"from": [6.6, 2.7, 19.8],
			"to": [9.4, 7.1, 25.8],
			"rotation": {"angle": 45, "axis": "x", "origin": [1.5, 4.5, 17.5]},
			"faces": {
				"north": {"uv": [0, 7, 0.75, 8], "texture": "#0"},
				"east": {"uv": [2.75, 3.5, 4, 4.5], "rotation": 180, "texture": "#0"},
				"south": {"uv": [7, 5.75, 7.75, 6.75], "texture": "#0"},
				"west": {"uv": [2.75, 3.5, 4, 4.5], "texture": "#0"},
				"up": {"uv": [5.25, 1.25, 4.5, 0], "texture": "#0"},
				"down": {"uv": [3.25, 4.5, 2.5, 5.75], "texture": "#0"}
			}
		},
		{
			"from": [6.4, 5.4, 20.5],
			"to": [9.6, 6.4, 21.5],
			"rotation": {"angle": 45, "axis": "x", "origin": [1.5, 4.5, 17.5]},
			"faces": {
				"north": {"uv": [3.25, 2.25, 3.5, 2.5], "texture": "#0"},
				"east": {"uv": [3.25, 2.25, 3.5, 2.5], "texture": "#0"},
				"south": {"uv": [3.25, 2.25, 3.5, 2.5], "texture": "#0"},
				"west": {"uv": [3.25, 2.25, 3.5, 2.5], "texture": "#0"},
				"up": {"uv": [3.25, 2.25, 3.5, 2.5], "texture": "#0"},
				"down": {"uv": [3.25, 2.25, 3.5, 2.5], "texture": "#0"}
			}
		},
		{
			"from": [7.3, 6, 16.8],
			"to": [8.7, 8, 22.8],
			"rotation": {"angle": -22.5, "axis": "x", "origin": [1.5, 4.5, 17.5]},
			"faces": {
				"east": {"uv": [6.75, 3.75, 8.25, 4.25], "texture": "#0"},
				"south": {"uv": [8.75, 10.25, 9, 10.75], "texture": "#0"},
				"west": {"uv": [6.75, 4.25, 8.25, 4.75], "texture": "#0"},
				"up": {"uv": [8.5, 10.25, 8.25, 8.75], "texture": "#0"},
				"down": {"uv": [8.75, 8.75, 8.5, 10.25], "texture": "#0"}
			}
		}
	],
	"display": {
		"thirdperson_righthand": {
			"translation": [0, 1.75, 2.5],
			"scale": [0.6, 0.6, 0.6]
		},
		"thirdperson_lefthand": {
			"translation": [0, 1.75, 2.5],
			"scale": [0.6, 0.6, 0.6]
		},
		"firstperson_righthand": {
			"rotation": [0, -7, 0],
			"translation": [11.25, 13, 0],
			"scale": [0, 0, 0]
		},
		"firstperson_lefthand": {
			"rotation": [0, -7, 0],
			"translation": [11.25, 14.25, 0],
			"scale": [0, 0, 0]
		},
		"ground": {
			"scale": [0.5, 0.5, 0.5]
		},
		"gui": {
			"rotation": [14, -134, 0],
			"translation": [-1, 1.5, 0],
			"scale": [0.8, 0.8, 0.8]
		},
		"fixed": {
			"rotation": [0, -90, 0],
			"translation": [0, 0, -1.25]
		}
	},
	"groups": [
		{
			"name": "viewfinder",
			"origin": [7, 11, 1.8],
			"color": 0,
			"children": [0, 1, 2, 3, 4]
		},
		{
			"name": "canon",
			"origin": [0, 0, 0],
			"color": 0,
			"children": [5, 6, 7, 8, 9, 10, 11, 12, 13, 14]
		},
		{
			"name": "base",
			"origin": [7, 7.18296, -4.67448],
			"color": 0,
			"children": [
				{
					"name": "canon2",
					"origin": [8, 4.6, -10.575],
					"color": 0,
					"children": [15, 16, 17, 18]
				},
				{
					"name": "tubes",
					"origin": [0, 0.6, 0.9],
					"color": 0,
					"children": [19, 20, 21, 22, 23, 24, 25, 26, 27]
				},
				{
					"name": "base",
					"origin": [15, 0.6, 0.9],
					"color": 0,
					"children": [28, 29, 30, 31, 32, 33, 34, 35, 36, 37, 38, 39, 40, 41]
				}
			]
		},
		{
			"name": "cylinder",
			"origin": [8.3, 5.47487, 8.73934],
			"color": 0,
			"children": [42, 43, 44]
		},
		{
			"name": "grip",
			"origin": [1.5, 4.5, 17.5],
			"color": 0,
			"children": [45, 46, 47, 48, 49, 50]
		}
	]
}