{
    "display": {
        "icon": {
            "item": "minecraft:anvil"
        },
        "title": [{
                "text": "Oneiric",
                "color": "white",
                "bold": true
            },
            {
                "text": "Forge",
                "color": "#32aebe",
                "bold": true
            }
        ],
        "description": "",
        "background": "minecraft:textures/block/gray_concrete.png",
        "show_toast": false,
        "announce_to_chat": false
    },
    "criteria": {
        "tick": {
            "trigger": "minecraft:tick"
        }
    },
    "rewards": {
        "function": "sys:connection/first_co"
    }
}