{
	"credit": "Made with Blockbench",
	"textures": {
		"0": "item/mirror",
		"particle": "item/mirror"
	},
	"elements": [
		{
			"from": [2, 1.5, 8],
			"to": [14, 29.5, 9],
			"rotation": {"angle": 0, "axis": "y", "origin": [8, 15.75, 8.5]},
			"faces": {
				"north": {"uv": [1, 1, 7, 15], "texture": "#0"},
				"south": {"uv": [1, 1, 7, 15], "texture": "#0"}
			}
		},
		{
			"from": [0, -0.5, 7.5],
			"to": [16, 1.5, 9.5],
			"rotation": {"angle": 0, "axis": "y", "origin": [8, 15.75, 8.5]},
			"faces": {
				"north": {"uv": [0, 15, 8, 16], "texture": "#0"},
				"south": {"uv": [0, 15, 8, 16], "texture": "#0"},
				"up": {"uv": [10, 0, 11, 8], "rotation": 90, "texture": "#0"},
				"down": {"uv": [0, 15, 8, 16], "texture": "#0"}
			}
		},
		{
			"from": [0, 29.5, 7.5],
			"to": [16, 31.5, 9.5],
			"rotation": {"angle": 0, "axis": "y", "origin": [8, 15.75, 8.5]},
			"faces": {
				"north": {"uv": [0, 0, 8, 1], "texture": "#0"},
				"south": {"uv": [0, 0, 8, 1], "texture": "#0"},
				"up": {"uv": [12, 0, 13, 8], "rotation": 90, "texture": "#0"},
				"down": {"uv": [11, 0, 12, 8], "rotation": 90, "texture": "#0"}
			}
		},
		{
			"from": [5, 30, 7],
			"to": [11, 32, 10],
			"rotation": {"angle": 0, "axis": "y", "origin": [8, 15.75, 8.5]},
			"faces": {
				"north": {"uv": [2, 0, 5, 1], "texture": "#0"},
				"east": {"uv": [2, 0, 3.5, 1], "texture": "#0"},
				"south": {"uv": [2, 0, 5, 1], "texture": "#0"},
				"west": {"uv": [2, 0, 3.5, 1], "texture": "#0"},
				"up": {"uv": [10.5, 1, 12, 4], "rotation": 90, "texture": "#0"},
				"down": {"uv": [2, 0, 5, 1], "texture": "#0"}
			}
		},
		{
			"from": [14, -0.5, 7.5],
			"to": [16, 31.5, 9.5],
			"rotation": {"angle": 0, "axis": "y", "origin": [8, 15.75, 8.5]},
			"faces": {
				"north": {"uv": [0, 0, 1, 16], "texture": "#0"},
				"east": {"uv": [8, 0, 9, 16], "texture": "#0"},
				"south": {"uv": [7, 0, 8, 16], "texture": "#0"},
				"west": {"uv": [9, 0, 10, 16], "texture": "#0"}
			}
		},
		{
			"from": [0, -0.5, 7.5],
			"to": [2, 31.5, 9.5],
			"rotation": {"angle": 0, "axis": "y", "origin": [8, 15.75, 8.5]},
			"faces": {
				"north": {"uv": [7, 0, 8, 16], "texture": "#0"},
				"east": {"uv": [9, 0, 10, 16], "texture": "#0"},
				"south": {"uv": [0, 0, 1, 16], "texture": "#0"},
				"west": {"uv": [8, 0, 9, 16], "texture": "#0"}
			}
		}
	],
	"display": {
		"thirdperson_righthand": {
			"translation": [0, 1.75, 1],
			"scale": [0.3, 0.3, 0.3]
		},
		"thirdperson_lefthand": {
			"translation": [0, 1.75, 1],
			"scale": [0.3, 0.3, 0.3]
		},
		"firstperson_righthand": {
			"rotation": [0, -90, 25],
			"translation": [1.13, 1.95, 1.13],
			"scale": [0.3, 0.3, 0.3]
		},
		"firstperson_lefthand": {
			"rotation": [0, -90, 25],
			"translation": [1.13, 1.95, 1.13],
			"scale": [0.3, 0.3, 0.3]
		},
		"ground": {
			"translation": [0, 2, 0],
			"scale": [0.5, 0.5, 0.5]
		},
		"gui": {
			"rotation": [30, 225, 0],
			"translation": [0, -3.5, 0],
			"scale": [0.5, 0.5, 0.5]
		},
		"head": {
			"rotation": [0, -1, 0],
			"translation": [0, 48.25, 0],
			"scale": [2, 2, 2]
		},
		"fixed": {
			"rotation": [0, 180, 0],
			"translation": [0, -7.25, -1.25]
		}
	}
}