{
	"credit": "Made with Blockbench",
	"texture_size": [32, 32],
	"textures": {
		"1": "painting/maps/2",
		"3": "painting/maps/rabbit",
		"4": "painting/maps/5"
	},
	"elements": [
		{
			"from": [-5.88656, -0.41744, 7.00948],
			"to": [21.88656, 14.41744, 7.17156],
			"rotation": {"angle": 0, "axis": "y", "origin": [0.60672, 1.72256, -1.24716]},
			"faces": {
				"north": {"uv": [0, 0, 16, 16], "texture": "#1"},
				"south": {"uv": [0.5, 0.5, 15.5, 8.5], "texture": "#3"}
			}
		},
		{
			"from": [-3.78656, -4.91744, 0.70948],
			"to": [19.78656, -0.28256, 0.70948],
			"rotation": {"angle": 0, "axis": "y", "origin": [0.60672, 1.72256, -1.24716]},
			"faces": {
				"north": {"uv": [0, 10.35478, 16, 14.70565], "texture": "#4"},
				"south": {"uv": [16, 10.35478, 0, 14.70565], "texture": "#4"}
			}
		},
		{
			"from": [21.8624, -1.31744, 6.5474],
			"to": [22.78656, 15.31744, 7.47156],
			"rotation": {"angle": 0, "axis": "y", "origin": [0.60672, 1.72256, -1.24716]},
			"faces": {
				"north": {"uv": [0, 0, 0.5, 9], "texture": "#3"},
				"east": {"uv": [0, 0, 0.5, 9], "texture": "#3"},
				"south": {"uv": [0.5, 0, 0, 9], "texture": "#3"},
				"west": {"uv": [0, 0, 0.5, 9], "texture": "#3"}
			}
		},
		{
			"from": [-6.78656, -1.31744, 6.5474],
			"to": [22.78656, -0.39328, 7.47156],
			"rotation": {"angle": 0, "axis": "y", "origin": [0.60672, 1.72256, -1.24716]},
			"faces": {
				"north": {"uv": [0, 8.5, 16, 9], "texture": "#3"},
				"south": {"uv": [16, 8.5, 0, 9], "texture": "#3"},
				"up": {"uv": [0, 8.5, 16, 9], "texture": "#3"},
				"down": {"uv": [0, 8.5, 16, 9], "texture": "#3"}
			}
		},
		{
			"from": [-6.78656, 14.39328, 6.5474],
			"to": [22.78656, 15.31744, 7.47156],
			"rotation": {"angle": 0, "axis": "y", "origin": [0.60672, 1.72256, -1.24716]},
			"faces": {
				"north": {"uv": [0, 0, 16, 0.5], "texture": "#3"},
				"south": {"uv": [16, 0, 0, 0.5], "texture": "#3"},
				"up": {"uv": [0, 0, 16, 0.5], "texture": "#3"},
				"down": {"uv": [0, 0, 16, 0.5], "texture": "#3"}
			}
		},
		{
			"from": [-6.78656, -1.31744, 6.5474],
			"to": [-5.8624, 15.31744, 7.47156],
			"rotation": {"angle": 0, "axis": "y", "origin": [0.60672, 1.72256, -1.24716]},
			"faces": {
				"north": {"uv": [15.5, 0, 16, 9], "texture": "#3"},
				"east": {"uv": [15.5, 0, 16, 9], "texture": "#3"},
				"south": {"uv": [16, 0, 15.5, 9], "texture": "#3"},
				"west": {"uv": [15.5, 0, 16, 9], "texture": "#3"}
			}
		}
	],
	"display": {
		"thirdperson_righthand": {
			"rotation": [75, 45, 0],
			"translation": [0, 2.5, 0],
			"scale": [0.375, 0.375, 0.375]
		},
		"thirdperson_lefthand": {
			"rotation": [75, 45, 0],
			"translation": [0, 2.5, 0],
			"scale": [0.375, 0.375, 0.375]
		},
		"firstperson_righthand": {
			"rotation": [0, -180, 0],
			"translation": [0, 4.75, 0],
			"scale": [0.4, 0.4, 0.04]
		},
		"firstperson_lefthand": {
			"rotation": [0, 225, 0],
			"scale": [0.4, 0.4, 0.4]
		},
		"ground": {
			"translation": [0, 3, 0],
			"scale": [0.25, 0.25, 0.25]
		},
		"gui": {
			"rotation": [30, 225, 0],
			"scale": [0.625, 0.625, 0.625]
		},
		"head": {
			"translation": [0, -30.25, 0],
			"scale": [3.2, 3.2, 3.2]
		},
		"fixed": {
			"rotation": [-90, 0, 0],
			"translation": [0, -19.5, -32],
			"scale": [4, 4, 4]
		}
	},
	"groups": [
		{
			"name": "group",
			"origin": [0, 0, 0],
			"color": 0,
			"nbt": "{}",
			"armAnimationEnabled": false,
			"children": [0, 1, 2, 3, 4, 5]
		}
	]
}