[{
        "function": "minecraft:copy_nbt",
        "source": {
            "type": "minecraft:storage",
            "source": "sys:core"
        },
        "ops": [{
            "source": "CustomModelData",
            "target": "CustomModelData",
            "op": "replace"
        }]
    },
    {
        "function": "minecraft:set_nbt",
        "tag": "{zooming:1s}",
        "conditions": [{
            "condition": "minecraft:entity_properties",
            "entity": "this",
            "predicate": {
                "flags": {
                    "is_sneaking": true
                }
            }
        }]
    },
    {
        "function": "minecraft:set_nbt",
        "tag": "{zooming:0s}",
        "conditions": [{
            "condition": "minecraft:entity_properties",
            "entity": "this",
            "predicate": {
                "flags": {
                    "is_sneaking": false
                }
            }
        }]
    }
]