{
    "condition": "minecraft:any_of",
    "terms": [
      {
        "condition": "minecraft:location_check",
        "predicate": {
          "position": {
            "y": {
              "min": -16.5,
              "max": 0
            }
          }
        }
      },
      {
        "condition": "minecraft:location_check",
        "predicate": {
          "position": {
            "y": {
              "min": 18.5,
              "max": 40
            }
          }
        }
      }
    ]
  }
  