{
	"credit": "Made with Blockbench",
	"texture_size": [64, 64],
	"textures": {
		"2": "item/gun"
	},
	"elements": [
		{
			"from": [5.354, 5.96, 6.79],
			"to": [8.258, 8.622, 9.21],
			"rotation": {"angle": 0, "axis": "y", "origin": [8, 2.5455, 8.6]},
			"faces": {
				"north": {"uv": [9.5, 3, 10, 2], "rotation": 270, "texture": "#2"},
				"east": {"uv": [9.5, 2, 10.5, 3], "rotation": 180, "texture": "#2"},
				"south": {"uv": [9.5, 2, 10.5, 3], "rotation": 270, "texture": "#2"},
				"west": {"uv": [9.5, 2, 10.5, 3], "texture": "#2"},
				"up": {"uv": [9.5, 3, 10.5, 2], "rotation": 90, "texture": "#2"}
			}
		},
		{
			"from": [5.596, 5.96, 0.74],
			"to": [8.016, 8.38, 10.42],
			"rotation": {"angle": 0, "axis": "y", "origin": [8, 2.5455, 8.6]},
			"faces": {
				"north": {"uv": [9, 3, 10, 4], "rotation": 90, "texture": "#2"},
				"east": {"uv": [5.5, 2, 9.5, 3], "rotation": 180, "texture": "#2"},
				"south": {"uv": [9, 3, 10, 4], "rotation": 180, "texture": "#2"},
				"west": {"uv": [5.5, 2, 9.5, 3], "texture": "#2"},
				"up": {"uv": [5.5, 2, 9.5, 3], "rotation": 90, "texture": "#2"}
			}
		},
		{
			"from": [5.354, 5.96, 1.95],
			"to": [8.258, 8.622, 4.37],
			"rotation": {"angle": 0, "axis": "y", "origin": [8, 2.5455, 8.6]},
			"faces": {
				"north": {"uv": [9.5, 3, 10, 2], "rotation": 270, "texture": "#2"},
				"east": {"uv": [9.5, 2, 10.5, 3], "rotation": 180, "texture": "#2"},
				"south": {"uv": [10, 3, 10.5, 2], "rotation": 180, "texture": "#2"},
				"west": {"uv": [9.5, 2, 10.5, 3], "texture": "#2"},
				"up": {"uv": [9.5, 3, 10.5, 2], "rotation": 90, "texture": "#2"}
			}
		},
		{
			"from": [5, 0, -4],
			"to": [11, 6, 7],
			"rotation": {"angle": 0, "axis": "x", "origin": [8, 2.5455, 8.6]},
			"faces": {
				"north": {"uv": [0, 6, 3, 9], "texture": "#2"},
				"east": {"uv": [5.5, 3, 0, 6], "texture": "#2"},
				"west": {"uv": [0, 3, 5.5, 6], "texture": "#2"},
				"up": {"uv": [0, 6, 5.5, 3], "rotation": 90, "texture": "#2"},
				"down": {"uv": [6, 3, 0.5, 6], "rotation": 90, "texture": "#2"}
			}
		},
		{
			"from": [4.8, -0.2, -2],
			"to": [11.2, 6.2, 4],
			"rotation": {"angle": 0, "axis": "x", "origin": [8, 2.5455, 8.6]},
			"faces": {
				"north": {"uv": [0, 0, 0.5, 3], "texture": "#2"},
				"east": {"uv": [3, 0, 0, 3], "texture": "#2"},
				"south": {"uv": [2.5, 0, 3, 3], "texture": "#2"},
				"west": {"uv": [0, 0, 3, 3], "texture": "#2"},
				"up": {"uv": [0, 0, 3, 3], "rotation": 90, "texture": "#2"},
				"down": {"uv": [0, 0, 3, 3], "rotation": 270, "texture": "#2"}
			}
		},
		{
			"from": [4.8, -0.2, 7],
			"to": [11.2, 6.2, 12],
			"rotation": {"angle": 0, "axis": "x", "origin": [8, 2.5455, 8.6]},
			"faces": {
				"north": {"uv": [3, 0, 3.5, 3], "texture": "#2"},
				"east": {"uv": [5.5, 0, 3, 3], "texture": "#2"},
				"south": {"uv": [5.5, 0, 3, 3], "texture": "#2"},
				"west": {"uv": [3, 0, 5.5, 3], "texture": "#2"},
				"up": {"uv": [3, 0, 5.5, 3], "rotation": 90, "texture": "#2"},
				"down": {"uv": [3, 0, 5.5, 3], "rotation": 270, "texture": "#2"}
			}
		},
		{
			"from": [4.5, 0.5, 1.5],
			"to": [11.5, 2.5, 3.5],
			"rotation": {"angle": 0, "axis": "x", "origin": [8, 2.5455, 8.6]},
			"faces": {
				"north": {"uv": [6, 3.5, 6.5, 4], "rotation": 180, "texture": "#2"},
				"east": {"uv": [6, 3, 7, 4], "texture": "#2"},
				"south": {"uv": [6, 3, 6.5, 4], "texture": "#2"},
				"west": {"uv": [6, 3, 7, 4], "rotation": 90, "texture": "#2"},
				"up": {"uv": [6, 3, 6.5, 4], "rotation": 180, "texture": "#2"},
				"down": {"uv": [6, 3.5, 6.5, 4], "texture": "#2"}
			}
		},
		{
			"from": [4.6, 2.5, 7.5],
			"to": [6.6, 5.5, 10.5],
			"rotation": {"angle": 0, "axis": "x", "origin": [8, 2.5455, 8.6]},
			"faces": {
				"north": {"uv": [8.5, 3.5, 9, 5], "texture": "#2"},
				"south": {"uv": [8.5, 4.5, 9, 5], "texture": "#2"},
				"west": {"uv": [7, 3.5, 8.5, 5], "texture": "#2"},
				"up": {"uv": [8.5, 3.5, 9, 5], "texture": "#2"},
				"down": {"uv": [8.5, 4.5, 9, 5], "texture": "#2"}
			}
		},
		{
			"from": [4.6, 0.7, 10.3],
			"to": [6.6, 1.7, 11.3],
			"rotation": {"angle": 0, "axis": "x", "origin": [8, 2.5455, 8.6]},
			"faces": {
				"north": {"uv": [6, 3.5, 6.5, 4], "texture": "#2"},
				"south": {"uv": [6, 3.5, 6.5, 4], "texture": "#2"},
				"west": {"uv": [6, 3.5, 6.5, 4], "texture": "#2"},
				"up": {"uv": [6, 3.5, 6.5, 4], "texture": "#2"},
				"down": {"uv": [6, 3.5, 6.5, 4], "texture": "#2"}
			}
		},
		{
			"from": [5.01, -1.6586, 9.20422],
			"to": [10.99, -0.2426, 12.03264],
			"rotation": {"angle": -45, "axis": "x", "origin": [8, 2.5455, 8.6]},
			"faces": {
				"east": {"uv": [6.5, 5.5, 7, 6], "texture": "#2"},
				"west": {"uv": [6.5, 5.5, 7, 6], "texture": "#2"},
				"down": {"uv": [5, 6, 5.5, 3], "rotation": 90, "texture": "#2"}
			}
		},
		{
			"from": [5, 2, 12],
			"to": [11, 6, 14],
			"rotation": {"angle": 0, "axis": "x", "origin": [8, 2.5455, 8.6]},
			"faces": {
				"east": {"uv": [7, 4, 6, 6], "texture": "#2"},
				"west": {"uv": [6, 4, 7, 6], "texture": "#2"},
				"up": {"uv": [0, 6, 1, 3], "rotation": 90, "texture": "#2"}
			}
		},
		{
			"from": [4.8, 2, 14],
			"to": [11.2, 6.2, 18.4],
			"rotation": {"angle": 0, "axis": "x", "origin": [8, 2.5455, 8.6]},
			"faces": {
				"north": {"uv": [10, 0, 10.5, 0.5], "texture": "#2"},
				"east": {"uv": [7.5, 0, 5.5, 2], "texture": "#2"},
				"south": {"uv": [7.5, 0.5, 10.5, 2], "rotation": 270, "texture": "#2"},
				"west": {"uv": [5.5, 0, 7.5, 2], "texture": "#2"},
				"up": {"uv": [7.5, 0, 10.5, 2], "texture": "#2"},
				"down": {"uv": [7.5, 2, 10.5, 0], "texture": "#2"}
			}
		},
		{
			"from": [5.5, 0.8, 12.8],
			"to": [10.5, 2, 15.5],
			"rotation": {"angle": 0, "axis": "y", "origin": [8, 2.5455, 8.6]},
			"faces": {
				"east": {"uv": [8.5, 3, 7, 3.5], "texture": "#2"},
				"west": {"uv": [7, 3, 8.5, 3.5], "texture": "#2"},
				"down": {"uv": [7, 3, 8.5, 3.5], "rotation": 270, "texture": "#2"}
			}
		},
		{
			"from": [5.5, -3.56779, 12.24478],
			"to": [10.5, -2.66779, 13.94478],
			"rotation": {"angle": -45, "axis": "x", "origin": [8, 2.5455, 8.6]},
			"faces": {
				"east": {"uv": [8, 3, 8.5, 3.5], "texture": "#2"},
				"west": {"uv": [8, 3, 8.5, 3.5], "texture": "#2"},
				"down": {"uv": [8, 3, 8.5, 3.5], "texture": "#2"}
			}
		},
		{
			"from": [9.4, 0.4, 8.4],
			"to": [11.4, 3.4, 11.4],
			"rotation": {"angle": 0, "axis": "y", "origin": [8, 2.5455, 8.6]},
			"faces": {
				"north": {"uv": [9, 3.5, 8.5, 5], "texture": "#2"},
				"east": {"uv": [8.5, 3.5, 7, 5], "texture": "#2"},
				"south": {"uv": [9, 4.5, 8.5, 5], "texture": "#2"},
				"up": {"uv": [9, 3.5, 8.5, 5], "texture": "#2"},
				"down": {"uv": [9, 4.5, 8.5, 5], "texture": "#2"}
			}
		},
		{
			"from": [6, -3, 10],
			"to": [10, -1, 16],
			"rotation": {"angle": 0, "axis": "x", "origin": [8, 2, 8.6]},
			"faces": {
				"east": {"uv": [5, 6, 6, 9], "rotation": 270, "texture": "#2"},
				"south": {"uv": [2, 3, 3, 5], "rotation": 90, "texture": "#2"},
				"west": {"uv": [6, 6, 5, 9], "rotation": 90, "texture": "#2"},
				"up": {"uv": [3, 6, 5, 9], "rotation": 180, "texture": "#2"},
				"down": {"uv": [3, 9, 5, 6], "rotation": 180, "texture": "#2"}
			}
		},
		{
			"from": [6, -3, 8],
			"to": [10, 0, 10],
			"rotation": {"angle": 0, "axis": "x", "origin": [8, 2, 8.6]},
			"faces": {
				"north": {"uv": [7, 3.5, 9, 5], "texture": "#2"},
				"east": {"uv": [0, 4.5, 1, 6], "texture": "#2"},
				"south": {"uv": [2, 3, 3, 5], "rotation": 90, "texture": "#2"},
				"west": {"uv": [1, 4.5, 0, 6], "texture": "#2"},
				"down": {"uv": [7, 9, 9, 8], "texture": "#2"}
			}
		}
	],
	"display": {
		"thirdperson_righthand": {
			"translation": [0, 4, 1.5],
			"scale": [0.5, 0.5, 0.5]
		},
		"thirdperson_lefthand": {
			"translation": [0, 4, 1.5],
			"scale": [0.5, 0.5, 0.5]
		},
		"firstperson_righthand": {
			"rotation": [1.47, -13.01, 0.05],
			"translation": [41.75, 0.25, -20.75],
			"scale": [2, 2, 2]
		},
		"firstperson_lefthand": {
			"rotation": [1.47, -13.01, 0.05],
			"translation": [41.75, 0.25, -20.75],
			"scale": [2, 2, 2]
		},
		"ground": {
			"translation": [0, 1.5, 0],
			"scale": [0.5, 0.5, 0.5]
		},
		"gui": {
			"rotation": [-164.29, -55.45, 177.92],
			"translation": [-0.5, 4, 0],
			"scale": [0.8, 0.8, 0.8]
		},
		"head": {
			"translation": [0, 6, 0]
		},
		"fixed": {
			"rotation": [0, -90, 0],
			"translation": [-1, 8.25, -4.5],
			"scale": [1.5, 1.5, 1.5]
		}
	},
	"groups": [
		{
			"name": "lasergun",
			"origin": [8, 8, 8],
			"color": 0,
			"nbt": "{}",
			"armAnimationEnabled": false,
			"children": [
				{
					"name": "spyglass",
					"origin": [-1.68, 0, -1.68],
					"color": 0,
					"nbt": "{}",
					"armAnimationEnabled": false,
					"children": [0, 1, 2]
				},
				{
					"name": "canon",
					"origin": [7.5, 2.92132, 16.20711],
					"color": 0,
					"nbt": "{}",
					"armAnimationEnabled": false,
					"children": [3, 4, 5, 6, 7, 8, 9, 10, 11, 12, 13, 14]
				},
				{
					"name": "antigrip",
					"origin": [8, 8, 8],
					"color": 0,
					"nbt": "{}",
					"armAnimationEnabled": false,
					"children": [15, 16]
				}
			]
		}
	]
}