{
    "pools": [
        {
            "rolls": 1,
            "entries": [
                {
                    "type": "minecraft:loot_table",
                    "weight": 1,
                    "name": "sys:bonus/shield"
                },
                {
                    "type": "minecraft:loot_table",
                    "weight": 1,
                    "name": "sys:bonus/mirror"
                },
                {
                    "type": "minecraft:loot_table",
                    "weight": 1,
                    "name": "sys:bonus/grenade"
                },
                {
                    "type": "minecraft:loot_table",
                    "weight": 1,
                    "name": "sys:bonus/second_chance",
                    "conditions": [
                        {
                            "condition": "minecraft:value_check",
                            "value": {
                                "type": "minecraft:score",
                                "target": "this",
                                "score": "life"
                            },
                            "range": {
                                "max": 2
                            }
                        }
                    ]
                },
                {
                    "type": "minecraft:loot_table",
                    "weight": 1,
                    "name": "sys:bonus/breach"
                },
                {
                    "type": "minecraft:loot_table",
                    "weight": 1,
                    "name": "sys:bonus/global_flip"
                }
            ],
            "functions": [
                {
                    "function": "minecraft:set_nbt",
                    "tag": "{}"
                }
            ]
        }
    ]
}