{
    "pools": [{
            "rolls": 1,
            "entries": [{
                "type": "minecraft:item",
                "name": "minecraft:strider_spawn_egg",
                "functions": [{
                        "function": "minecraft:set_nbt",
                        "tag": "{EntityTag:{id:\"minecraft:marker\",Tags:[\"sys.gift-spawner\",\"flower\"]}}"
                    },
                    {
                        "function": "minecraft:set_name",
                        "entity": "this",
                        "name": "flower"
                    }
                ]
            }]
        },
        {
            "rolls": 1,
            "entries": [{
                "type": "minecraft:item",
                "name": "minecraft:strider_spawn_egg",
                "functions": [{
                        "function": "minecraft:set_nbt",
                        "tag": "{EntityTag:{id:\"minecraft:marker\",Tags:[\"sys.gift-spawner\",\"spike\"]}}"
                    },
                    {
                        "function": "minecraft:set_name",
                        "entity": "this",
                        "name": "spike"
                    }
                ]
            }]
        }
    ]
}