{
    "pools": [{
        "rolls": 1,
        "entries": [{
            "type": "minecraft:item",
            "name": "minecraft:player_head",
            "functions": [{
                    "function": "minecraft:set_name",
                    "entity": "this",
                    "name": {
                        "selector": "@s",
                        "italic": false
                    }
                },
                {
                    "function": "minecraft:set_nbt",
                    "tag": "{stats.Name:1s}"
                }
            ]
        }]
    }]
}