{
	"map.lobby": {
		"sounds": [
			{
				"name": "lobby",
				"attenuation_distance": 120
			}
		]
	},
	"map.game": {
		"sounds": [
			{
				"name": "game",
				"attenuation_distance": 120
			}
		]
	},

	"ambient.nether_wastes.loop": {
		"sounds": [
			{
				"name": "lobby",
				"attenuation_distance": 120,
				"stream": true
			}
		]
	},
	"ambient.soul_sand_valley.loop": {
		"sounds": [
			{
				"name": "game",
				"attenuation_distance": 120,
				"stream": true
			}
		]
	}
}