{
    "credit": "Made with Blockbench",
    "textures": {
        "0": "item/gift",
        "particle": "item/gift"
    },
    "elements": [{
            "from": [4, 0, 4],
            "to": [12, 8, 12],
            "faces": {
                "north": { "uv": [0, 0, 8, 8], "texture": "#0" },
                "east": { "uv": [0, 0, 8, 8], "texture": "#0" },
                "south": { "uv": [0, 0, 8, 8], "texture": "#0" },
                "west": { "uv": [0, 0, 8, 8], "texture": "#0" },
                "down": { "uv": [0, 0, 8, 8], "texture": "#0" }
            }
        },
        {
            "from": [3.5, 5.5, 3.5],
            "to": [12.5, 8.5, 12.5],
            "faces": {
                "north": { "uv": [0, 0, 8, 2], "texture": "#0" },
                "east": { "uv": [0, 0, 8, 2], "texture": "#0" },
                "south": { "uv": [0, 0, 8, 2], "texture": "#0" },
                "west": { "uv": [0, 0, 8, 2], "texture": "#0" },
                "up": { "uv": [0, 0, 8, 8], "texture": "#0" },
                "down": { "uv": [0, 0, 8, 8], "texture": "#0" }
            }
        },
        {
            "from": [4.21631, 8.20752, 6.76],
            "to": [8.01071, 8.20752, 9.24],
            "rotation": { "angle": -22.5, "axis": "z", "origin": [8, 8.23576, 8] },
            "faces": {
                "north": { "uv": [0, 0, 0, 3.06], "rotation": 90, "texture": "#0" },
                "east": { "uv": [0, 0, 0, 2], "rotation": 270, "texture": "#0" },
                "south": { "uv": [0, 0, 0, 3.06], "rotation": 270, "texture": "#0" },
                "west": { "uv": [0, 0, 0, 2], "rotation": 270, "texture": "#0" },
                "up": { "uv": [8, 0, 10, 3.06], "rotation": 270, "texture": "#0" },
                "down": { "uv": [8, 0, 10, 3], "rotation": 270, "texture": "#0" }
            }
        },
        {
            "from": [4.49275, 9.65877, 6.76],
            "to": [4.49275, 12.51077, 9.24],
            "rotation": { "angle": 0, "axis": "z", "origin": [8, 8.23576, 8] },
            "faces": {
                "north": { "uv": [0, 0, 0, 2.3], "texture": "#0" },
                "east": { "uv": [10, 3, 8, 5], "texture": "#0" },
                "south": { "uv": [0, 0, 0, 2.3], "texture": "#0" },
                "west": { "uv": [8, 3, 10, 5], "texture": "#0" },
                "up": { "uv": [0, 0, 0, 2], "texture": "#0" },
                "down": { "uv": [0, 0, 0, 2], "texture": "#0" }
            }
        },
        {
            "from": [2.49799, 8.77828, 6.76],
            "to": [7.45799, 8.77828, 9.24],
            "rotation": { "angle": -45, "axis": "z", "origin": [8, 8.23576, 8] },
            "faces": {
                "north": { "uv": [0, 0, 0, 3], "rotation": 90, "texture": "#0" },
                "east": { "uv": [0, 0, 0, 2], "rotation": 270, "texture": "#0" },
                "south": { "uv": [0, 0, 0, 3], "rotation": 270, "texture": "#0" },
                "west": { "uv": [0, 0, 0, 2], "rotation": 270, "texture": "#0" },
                "up": { "uv": [8, 5, 10, 8], "rotation": 90, "texture": "#0" },
                "down": { "uv": [10, 5, 8, 8], "rotation": 90, "texture": "#0" }
            }
        },
        {
            "from": [8, 8.20496, 6.76],
            "to": [8, 9.00352, 9.24],
            "rotation": { "angle": 0, "axis": "z", "origin": [8, 8.20104, 8] },
            "faces": {
                "north": { "uv": [0, 0, 0, 0.644], "texture": "#0" },
                "east": { "uv": [8, 14, 10, 15], "rotation": 180, "texture": "#0" },
                "south": { "uv": [0, 0, 0, 0.644], "texture": "#0" },
                "west": { "uv": [10, 14, 8, 15], "rotation": 180, "texture": "#0" },
                "up": { "uv": [0, 0, 0, 2], "texture": "#0" },
                "down": { "uv": [0, 0, 0, 2], "texture": "#0" }
            }
        },
        {
            "from": [11.50725, 9.65877, 6.76],
            "to": [11.50725, 12.51077, 9.24],
            "rotation": { "angle": 0, "axis": "z", "origin": [8, 8.23576, 8] },
            "faces": {
                "north": { "uv": [0, 0, 0, 2.3], "texture": "#0" },
                "east": { "uv": [10, 11, 8, 13], "texture": "#0" },
                "south": { "uv": [0, 0, 0, 2.3], "texture": "#0" },
                "west": { "uv": [8, 11, 10, 13], "texture": "#0" },
                "up": { "uv": [0, 0, 0, 2], "texture": "#0" },
                "down": { "uv": [0, 0, 0, 2], "texture": "#0" }
            }
        },
        {
            "from": [7.98929, 8.20752, 6.76],
            "to": [11.78369, 8.20752, 9.24],
            "rotation": { "angle": 22.5, "axis": "z", "origin": [8, 8.23576, 8] },
            "faces": {
                "north": { "uv": [0, 3.06, 0, 0], "rotation": 90, "texture": "#0" },
                "east": { "uv": [0, 2, 0, 0], "rotation": 270, "texture": "#0" },
                "south": { "uv": [0, 3.06, 0, 0], "rotation": 270, "texture": "#0" },
                "west": { "uv": [0, 2, 0, 0], "rotation": 270, "texture": "#0" },
                "up": { "uv": [10, 16, 8, 13], "rotation": 270, "texture": "#0" },
                "down": { "uv": [8, 16, 10, 13], "rotation": 270, "texture": "#0" }
            }
        },
        {
            "from": [8.54201, 8.77828, 6.76],
            "to": [13.50201, 8.77828, 9.24],
            "rotation": { "angle": 45, "axis": "z", "origin": [8, 8.23576, 8] },
            "faces": {
                "north": { "uv": [0, 3, 0, 0], "rotation": 90, "texture": "#0" },
                "east": { "uv": [0, 2, 0, 0], "rotation": 270, "texture": "#0" },
                "south": { "uv": [0, 3, 0, 0], "rotation": 270, "texture": "#0" },
                "west": { "uv": [0, 2, 0, 0], "rotation": 270, "texture": "#0" },
                "up": { "uv": [8, 11, 10, 8], "rotation": 90, "texture": "#0" },
                "down": { "uv": [10, 11, 8, 8], "rotation": 90, "texture": "#0" }
            }
        },
        {
            "from": [7.2877, 8.50155, 6.76],
            "to": [8.7181, 8.50155, 9.24],
            "rotation": { "angle": 0, "axis": "z", "origin": [10.11139, 8.68579, 4.8] },
            "faces": {
                "north": { "uv": [0, 0, 0, 3.06], "rotation": 90, "texture": "#0" },
                "east": { "uv": [0, 0, 0, 2], "rotation": 270, "texture": "#0" },
                "south": { "uv": [0, 0, 0, 3.06], "rotation": 270, "texture": "#0" },
                "west": { "uv": [0, 0, 0, 2], "rotation": 270, "texture": "#0" },
                "up": { "uv": [8, 14, 10, 15], "rotation": 90, "texture": "#0" },
                "down": { "uv": [8, 14, 10, 15], "rotation": 270, "texture": "#0" }
            }
        }
    ],
    "display": {
        "thirdperson_righthand": {
            "rotation": [75, 45, 0],
            "translation": [0, 2.5, 0],
            "scale": [0.5, 0.5, 0.5]
        },
        "thirdperson_lefthand": {
            "rotation": [75, 45, 0],
            "translation": [0, 2.5, 0],
            "scale": [0.5, 0.5, 0.5]
        },
        "firstperson_righthand": {
            "rotation": [0, 45, 0],
            "translation": [2, 2.25, 0],
            "scale": [0.4, 0.4, 0.4]
        },
        "firstperson_lefthand": {
            "rotation": [0, 225, 0],
            "translation": [2.75, 1.75, 0],
            "scale": [0.4, 0.4, 0.4]
        },
        "ground": {
            "translation": [0, 4.5, 0]
        },
        "gui": {
            "rotation": [30, 225, 0],
            "translation": [0, 2, 0]
        },
        "fixed": {
            "translation": [0, 2.75, 0],
            "scale": [1.5, 1.5, 1.5]
        }
    }
}