{
	"credit": "Made with Blockbench",
	"textures": {
		"0": "item/bear_trap",
		"particle": "item/bear_trap"
	},
	"elements": [
		{
			"from": [3, 0.176, 2],
			"to": [14, 0.176, 13],
			"faces": {
				"up": {"uv": [0, 0, 11, 11], "texture": "#0"}
			}
		},
		{
			"from": [7, 0.376, 5],
			"to": [10, 0.376, 10],
			"faces": {
				"up": {"uv": [11, 0, 14, 5], "texture": "#0"}
			}
		},
		{
			"from": [3, 0.176, 2],
			"to": [3, 1.176, 13],
			"faces": {
				"east": {"uv": [0, 11, 11, 12], "texture": "#0"},
				"west": {"uv": [0, 11, 11, 12], "texture": "#0"}
			}
		},
		{
			"from": [14, 0.176, 2],
			"to": [14, 1.176, 13],
			"faces": {
				"east": {"uv": [0, 11, 11, 12], "texture": "#0"},
				"west": {"uv": [11, 11, 0, 12], "texture": "#0"}
			}
		},
		{
			"from": [3, 0.176, 1.999],
			"to": [14, 1.176, 1.999],
			"rotation": {"angle": 0, "axis": "y", "origin": [8.5, 0.5, 1.999]},
			"faces": {
				"north": {"uv": [11, 11, 0, 12], "texture": "#0"},
				"south": {"uv": [0, 11, 11, 12], "texture": "#0"}
			}
		},
		{
			"from": [3, 0.176, 12.999],
			"to": [14, 1.176, 12.999],
			"rotation": {"angle": 0, "axis": "y", "origin": [8.5, 0.5, 1.999]},
			"faces": {
				"north": {"uv": [11, 11, 0, 12], "texture": "#0"},
				"south": {"uv": [0, 11, 11, 12], "texture": "#0"}
			}
		}
	],
	"display": {
		"thirdperson_righthand": {
			"rotation": [75, 45, 0],
			"translation": [0, 3.25, 4.75],
			"scale": [0.6, 0.6, 0.6]
		},
		"thirdperson_lefthand": {
			"rotation": [75, 45, 0],
			"translation": [0, 3.25, 4.75],
			"scale": [0.6, 0.6, 0.6]
		},
		"firstperson_righthand": {
			"rotation": [-11, 15, 0.3],
			"translation": [-1, 7.5, 0.75],
			"scale": [0.8, 0.8, 0.8]
		},
		"firstperson_lefthand": {
			"rotation": [-11, 15, 0.3],
			"translation": [-1, 7.5, 0.75],
			"scale": [0.8, 0.8, 0.8]
		},
		"ground": {
			"translation": [0, 4.5, 0]
		},
		"gui": {
			"rotation": [30, 225, 0],
			"translation": [0, 3, 0],
			"scale": [0.9, 0.9, 0.9]
		},
		"head": {
			"translation": [0, 7.75, 0],
			"scale": [1.5, 1.5, 1.5]
		}
	}
}