{
	"credit": "Made with Blockbench",
	"textures": {
		"0": "item/bomb",
		"particle": "item/bomb"
	},
	"elements": [
		{
			"from": [7, 0, 6],
			"to": [9, 4, 10],
			"faces": {
				"north": {"uv": [2, 0, 6, 8], "texture": "#0"},
				"east": {"uv": [0, 0, 8, 8], "texture": "#0"},
				"south": {"uv": [2, 0, 6, 8], "texture": "#0"},
				"west": {"uv": [0, 0, 8, 8], "texture": "#0"},
				"up": {"uv": [2, 0, 6, 8], "texture": "#0"},
				"down": {"uv": [2, 0, 6, 8], "texture": "#0"}
			}
		},
		{
			"from": [6, 0, 7],
			"to": [10, 4, 9],
			"faces": {
				"north": {"uv": [0, 0, 8, 8], "texture": "#0"},
				"east": {"uv": [2, 0, 6, 8], "texture": "#0"},
				"south": {"uv": [0, 0, 8, 8], "texture": "#0"},
				"west": {"uv": [2, 0, 6, 8], "texture": "#0"},
				"up": {"uv": [0, 2, 8, 6], "texture": "#0"},
				"down": {"uv": [0, 2, 8, 6], "texture": "#0"}
			}
		},
		{
			"from": [6, 1, 6],
			"to": [10, 3, 10],
			"faces": {
				"north": {"uv": [0, 2, 8, 6], "texture": "#0"},
				"east": {"uv": [0, 2, 8, 6], "texture": "#0"},
				"south": {"uv": [0, 2, 8, 6], "texture": "#0"},
				"west": {"uv": [0, 2, 8, 6], "texture": "#0"},
				"up": {"uv": [0, 0, 8, 8], "texture": "#0"},
				"down": {"uv": [0, 0, 8, 8], "texture": "#0"}
			}
		},
		{
			"from": [8, 4, 8],
			"to": [8, 5, 9],
			"faces": {
				"east": {"uv": [0, 0, 1, 1], "texture": "#0"},
				"west": {"uv": [0, 0, 1, 1], "texture": "#0"}
			}
		},
		{
			"from": [8, 5, 9],
			"to": [8, 6, 10],
			"faces": {
				"east": {"uv": [14, 0, 15, 1], "texture": "#0"},
				"west": {"uv": [14, 0, 15, 1], "texture": "#0"}
			}
		}
	],
	"display": {
		"thirdperson_righthand": {
			"rotation": [75, 45, 0],
			"translation": [0, 3.5, 6.5]
		},
		"thirdperson_lefthand": {
			"rotation": [75, 45, 0],
			"translation": [0, 3.5, 6.5]
		},
		"firstperson_righthand": {
			"translation": [9, 7.25, 2.25]
		},
		"firstperson_lefthand": {
			"translation": [9, 7.25, 2.25]
		},
		"ground": {
			"translation": [0, 3.5, 0]
		},
		"gui": {
			"rotation": [24, 47, 0],
			"translation": [0, 10.25, 0],
			"scale": [2, 2, 2]
		},
		"head": {
			"translation": [0, 15.75, 0],
			"scale": [2.5, 2.5, 2.5]
		},
		"fixed": {
			"rotation": [0, -90, 0],
			"translation": [0, 11.5, -2.25],
			"scale": [2, 2, 2]
		}
	}
}