{
    "parent": "item/crossbow",
    "textures": {
        "layer0": "item/crossbow_arrow"
    },
    
    "overrides": [
        { "predicate": {"custom_model_data": 1}, "model": "item/realms/gun/filled_classic"},
        { "predicate": {"custom_model_data": 2}, "model": "item/realms/gun/filled_zoom"},
        {"predicate": {"custom_model_data":3}, "model": "item/realms/futuristic_gun/empty_classic"},
		{"predicate": {"custom_model_data":4}, "model": "item/realms/futuristic_gun/empty_zoom"}
    ]
}