{
	"credit": "Made with Blockbench",
	"parent": "minecraft:block/birch_button_inventory",
	"textures": {
		"0": "item/birch",
		"1": "painting/maps/5",
		"2": "item/logo",
		"particle": "item/birch"
	},
	"elements": [
		{
			"from": [-0.1, 1.3, 13.9],
			"to": [16.1, 9.4, 15.7],
			"faces": {
				"north": {"uv": [1, 1, 13, 7], "texture": "#0"},
				"east": {"uv": [0, 1, 1, 7], "texture": "#0"},
				"south": {"uv": [1, 1, 13, 7], "texture": "#0"},
				"west": {"uv": [0, 1, 1, 7], "texture": "#0"},
				"up": {"uv": [1, 1, 13.5, 0], "texture": "#0"},
				"down": {"uv": [1, 0, 13.5, 1], "texture": "#0"}
			}
		},
		{
			"from": [4, 5.9, 13.8],
			"to": [11.7, 7.2, 13.8],
			"faces": {
				"north": {"uv": [0, 14.95517, 3.78947, 16], "texture": "#1"}
			}
		},
		{
			"from": [0.3, 1.8, 13.8],
			"to": [5.3, 6.8, 13.8],
			"rotation": {"angle": 0, "axis": "z", "origin": [1.5, 4.5, 13]},
			"faces": {
				"north": {"uv": [8.48769, 10.4197, 5.61782, 15.02462], "texture": "#2"}
			}
		}
	],
	"display": {
		"fixed": {
			"translation": [0, 6, -16],
			"scale": [2, 2, 2]
		}
	}
}