{
	"credit": "Made with Blockbench",
	"textures": {
		"0": "item/logo",
		"particle": "item/logo"
	},
	"elements": [
		{
			"from": [-16, 3, 5],
			"to": [32, 30, 5],
			"rotation": {"angle": 0, "axis": "y", "origin": [-16, -16, -16]},
			"faces": {
				"north": {"uv": [0, 0, 16, 16], "texture": "#0"},
				"east": {"uv": [0, 0, 0, 9], "texture": "#missing"},
				"west": {"uv": [0, 0, 0, 9], "texture": "#missing"},
				"up": {"uv": [0, 0, 16, 0], "texture": "#missing"},
				"down": {"uv": [0, 0, 16, 0], "texture": "#missing"}
			}
		}
	],
	"display": {
		"gui": {
			"rotation": [0, -180, 0],
			"translation": [0, -2, 0],
			"scale": [0.33, 0.33, 0.33]
		},
		"fixed": {
			"translation": [0, -2.25, 10.75],
			"scale": [4, 4, 4]
		}
	}
}