{
	"credit": "Made with Blockbench",
	"textures": {
		"0": "item/logo",
		"particle": "item/logo"
	},
	"elements": [
		{
			"from": [-16, 3, 10.5],
			"to": [32, 30, 11],
			"rotation": {"angle": 0, "axis": "y", "origin": [-16, -16, -16]},
			"faces": {
				"north": {"uv": [0, 0, 16, 16], "texture": "#0"},
				"south": {"uv": [0, 0, 16, 16], "texture": "#0"}
			}
		}
	],
	"display": {
		"gui": {
			"rotation": [0, -180, 0],
			"translation": [0, -2, 0],
			"scale": [0.33, 0.33, 0.33]
		},
		"fixed": {
			"rotation": [180, 0, 180],
			"translation": [0, -2.25, 10.75],
			"scale": [4, 4, 4]
		}
	}
}