{
	"credit": "Made with Blockbench",
	"textures": {
		"3": "block/jump_pad",
		"particle": "block/cyan_terracotta"
	},
	"elements": [
		{
			"from": [-3, 0, -3],
			"to": [19, 4, 19],
			"faces": {
				"north": {"uv": [0, 0, 5.5, 1], "texture": "#3"},
				"east": {"uv": [0, 0, 5.5, 1], "texture": "#3"},
				"south": {"uv": [0, 0, 5.5, 1], "texture": "#3"},
				"west": {"uv": [0, 0, 5.5, 1], "texture": "#3"},
				"up": {"uv": [0, 1, 5.5, 6.5], "texture": "#3"}
			}
		},
		{
			"from": [-3, 4, -3],
			"to": [19, 8, 19],
			"faces": {
				"north": {"uv": [5.5, 0, 11, 1], "texture": "#3"},
				"east": {"uv": [5.5, 0, 11, 1], "texture": "#3"},
				"south": {"uv": [5.5, 0, 11, 1], "texture": "#3"},
				"west": {"uv": [5.5, 0, 11, 1], "texture": "#3"},
				"up": {"uv": [5.5, 1, 11, 6.5], "texture": "#3"}
			}
		}
	],
	"display": {
		"firstperson_righthand": {
			"translation": [0, 4.5, 0]
		},
		"ground": {
			"translation": [0, 6.25, 1.5]
		},
		"gui": {
			"rotation": [30, 225, 0],
			"translation": [-0.25, 2.25, 0],
			"scale": [0.625, 0.625, 0.625]
		},
		"fixed": {
			"rotation": [-90, 0, 0],
			"translation": [0, 0, -17.5],
			"scale": [2.2, 2.2, 2.2]
		}
	}
}