{
    "pools": [{
        "rolls": 1,
        "entries": [{
            "type": "minecraft:item",
            "name": "minecraft:vex_spawn_egg",
            "functions": [{
                    "function": "minecraft:set_nbt",
                    "tag": "{tool:\"bear_trap\",EntityTag:{id:'minecraft:marker',Tags:['sys.bear_trap']}}"
                },
                {
                    "function": "minecraft:set_name",
                    "entity": "this",
                    "name": {
                        "text": "Bear Trap",
                        "bold": true,
                        "italic": false
                    }
                }
            ]
        }]
    }]
}