{
    "pools": [{
        "rolls": 1,
        "entries": [{
            "type": "minecraft:item",
            "name": "minecraft:skeleton_spawn_egg",
            "functions": [{
                    "function": "minecraft:set_nbt",
                    "tag": "{tool:\"breach\",HideFlags:16,CustomModelData:1,CanPlaceOn:[\"#sys:all\"],EntityTag:{id:'minecraft:marker',Tags:['sys.breach','init']}}"
                },
                {
                    "function": "minecraft:set_name",
                    "entity": "this",
                    "name": {
                        "text": "Space Breach",
                        "bold": true,
                        "italic": false
                    }
                }
            ]
        }]
    }]
}