{
    "pools": [{
        "rolls": 1,
        "entries": [{
            "type": "minecraft:item",
            "name": "minecraft:snowball"
        }],
        "functions": [{
                "function": "minecraft:set_name",
                "name": {
                    "text": "Bomb",
                    "color": "white",
                    "bold": true,
                    "italic": false
                }
            },
            {
                "function": "minecraft:set_nbt",
                "tag": "{tool:\"grenade\"}"
            }
        ]
    }]
}