{
    "pools": [{
        "rolls": 1,
        "entries": [{
            "type": "minecraft:item",
            "name": "minecraft:carrot_on_a_stick",
            "functions": [{
                    "function": "minecraft:set_nbt",
                    "tag": "{tool:\"repulsor\"}"
                },
                {
                    "function": "minecraft:set_name",
                    "entity": "this",
                    "name": {
                        "text": "Repulsor",
                        "bold": true,
                        "italic": false
                    }
                }
            ]
        }]
    }]
}